"","Album","Song","Lyrics"
"1","Stoney"," broken whiskey glass "," I done drank codeine from a broken whiskey glass I done popped my pills and I smoked my share of grass Slaved for the man and I broke my fuckin' back So you can take your nine-to-five and shove it up your ass And I won't go on, like a highway in hell Going too damn fast, I spilled drink on my Chanel And I woke up and my room's fuckin' trashed like a damn hotel And where I go next, now, only time will tell Whoa-oh Whoa-oh Whoa-oh Whoa-oh I done spent some time chasin' women that don't give a shit I done learned my lessons and I ain't never gon' forget Started callin' this shit, started ballin' and shit, started flickin' that wrist They ain't never listened, now I'm makin' them hits so I'm fuckin' your bitch No, it ain't that difficult for me to forget that you ever exist Bet you remember my name when I pull up in that whip that doesn't exist (skrrt) Spill lean on Supreme last Saturday Let that shit splash, motherfucker talk saucey Pass me them drugs, motherfucker let me try 'em At the White House, call my homie Joe Biden, he flyin' out weed Smokin' my dope, Bathing Ape, that be the clothe Man, don't be silly, that shit you rockin' is old Like it's years since you been to the store Feel like Meek Milly but I ain't from Philly I'm poppin' a wheelie, I show off my grillie I do this for real-y and for my fam-ily Same shit every night, man, it's all so famil'-y The bitches they killin' me Like, bitch are you kiddin' me? Ballin', that shit Jason Kiddin' me You can't get rid of me Now you want my chain and my jeans but you no good at chemistry Whoa-oh Whoa-oh Whoa-oh Whoa-oh"
"2","Stoney"," big lie "," I know, I know I know, I know Mustard on that beat, ho Run it up, run it up Count it up, count it up '95 in my cup Nicotine in my blood Go, run it, run it Count it, count it Go, show me something, ayy, ayy Go, talkin' that shit Keep on barkin' lil' bitch Bitches tryna get lit, damn Rosé poppin' with the Balmain on me And I keep on callin' And they know that I don't answer my cell No, I don't know your momma I got so much commas Girl, you know I'm only into myself Say you flexin', that's a big lie When I pull up, give this bitch life And you know that I'ma get mine, yeah, yeah Say you flexin', that's a big lie When I pull up, give this bitch live And you know that I'ma get mine, yeah, yeah Say you flexin', that's a big lie Say you got that shit you don't got Heard you say that shit a hundred times, yeah, yeah Say you flexin', that's a big lie Say you flexin', that's a big lie Say you flexin', that's a big lie Say you flexin', that's a big lie Ooh, valet the park on the whip The Caddy, the '76 My woman gon' box on a bitch They don't want no part in that shit I got my money jumpin', I'm proud for ballin' on Fade Didn’t watch the game, you can see that shit on replay I just drop the top and I pull up to your party I just grab a Bud and I pop the top on you, pour that water Say you flexin', that's a big lie When I pull up, get this bitch live And you know that I'ma get mine, yeah, yeah Say you flexin', that's a big lie When I pull up, get this bitch live And you know that I'ma get mine, yeah, yeah Say you flexin', that's a big lie Say you got that shit you don't got Heard you say that shit a hundred times, yeah, yeah And I know who we are, yeah And I know that we ballin' When you wanna get this money I don't want your bitch, just know it Say you flexin', that's a big lie When I pull up, get this bitch live And you know that I'ma get mine, yeah, yeah Say you flexin', that's a big lie Say you got that shit you don't got Heard you say that shit a hundred times, yeah, yeah And I know who we are, yeah And I know that we ballin' When you wanna get this money I don't want your bitch, just know it I know, I know I know, I know I know, I know I know, I know"
"3","Stoney"," deja vu "," 'Cause I can't take it no more No, you ain't like them bitches Tell them hoes adios And you can drop your panties Leave them shits at the door Dior falls on the floor I swear we been here before I'm tryna see you from my own perspective You all in my section tryna come to my session We rollin' up pressure, you know that we flexin' We bought all the bottles, we came with the models Girl this a confession, I'm not like your exes I came up from Texas, and now that we textin' You can fly in whenever, now you undressin' Panties on the dresser, your hair gettin' messed up The feelin' we catchin', my love is a blessin' Made love in that Lexus, made love in that Lexus I know you remember (I know you remember) Tell me, is that deja vu? (Ooh, ooh) 'Cause you want me and I want you (ooh, ooh) Tell me, is that deja vu? (Ooh, ooh) 'Cause baby it ain't nothing new, no Tell me, is that deja vu? (Ooh, ooh) 'Cause you want me and I want you (ooh, ooh) Tell me, is that deja vu? (Ooh, ooh) 'Cause baby, this ain't nothing new, no Oh, you acting reckless I told you that I need affection So let me point you in the right direction It's so important that you get the message (oh) Yeah, yeah, I gotta say, gotta say somethin' to you, you, you I'm on a roll, I'm gonna roll out in that new, new, new If you wanna do what I wanna do Well uhm-uhm-uhm Well I guess that is just deja vu Tell me, is that deja vu? (Ooh, ooh) 'Cause you want me and I want you (ooh, ooh) Tell me, is that deja vu? (Ooh, ooh) 'Cause baby it ain't nothing new, no Tell me, is that deja vu? (Ooh, ooh) 'Cause you want me and I want you (ooh, ooh) Tell me, is that deja vu? (Ooh, ooh) 'Cause baby, this ain't nothing new, no Tell me if you want it, baby 'Cause I know I can drive you crazy I just wanted you to know now Oh-oh, oh-oh Show up in that new Mercedes, you already know I'm faded Girl, I've been thinkin' about you lately Oh-oh, oh-oh Tell me, is that deja vu? (Ooh, ooh) 'Cause you want me and I want you (ooh, ooh) Tell me, is that deja vu? (Ooh, ooh) 'Cause baby it ain't nothing new, no Tell me, is that deja vu? (Ooh, ooh) 'Cause you want me and I want you (ooh, ooh) Tell me, is that deja vu? (Ooh, ooh) 'Cause baby, this ain't nothing new, no 'Cause I can't take it no more No, you ain't like them bitches Tell them hoes adios And you can drop your panties Leave them shits at the door Dior falls on the floor I swear we been here before"
"4","Stoney"," no option "," Ho, I look so clean and them motherfuckers just talkin' Show up at the spot and now everyone, they all watchin' Don't wanna prove you wrong but, shit, you leave me with no option, yeah, yeah Everybody asking, ""Post, when is the album droppin'?"" Ever since the very first day at it, I been poppin' Don't wanna prove you wrong but shit, you leave me with no option, yeah, yeah Ooh, swingin' in a four-door Now they takin' photos Bottles, we need more of those, ooh Say she been to every show, yeah Even on the road And she always be in front row, ooh yeah Everything that I worked for Waited so long to get on The Caddy just sits on the chrome I swang through on dubs on the four Baby, wanna get in this S-Class Little mama, she just wanna go fast You know, baby, you don't get a free pass So I told her, ""Ass, gas or grass"" Rolex with the diamonds keep me shinin' Gotta have perfect timin' when I'm ridin' Brand new Aston Martin with no mileage Ooh, ooh, ooh, yeah Ho, I'm so clean and them motherfuckers just talkin' Show up at the spot and now everyone, they all watchin' Don't wanna prove you wrong but shit, you leave me with no option, yeah, yeah Now she hoppin' in a old-school Swimmin' in the carpool Everything is all cool, ooh Yeah, she told me not to tell 'Bout the rumors that I heard She said, ""Everything was all true"", yeah Baby, wanna get in this S-Class Little mama, she just wanna go fast You know, baby, you don't get a free pass So I told her, ""Ass, gas or grass"" Rolex with the diamonds keep me shinin' Gotta have perfect timin' when I'm ridin' Brand new Aston Martin with no mileage Ooh, ooh, ooh, yeah Just me and lil' mama, yeah Ridin' around LA Just me and lil' mama, yeah We own the city, yeah Baby, wanna get in this S-Class Little mama, she just wanna go fast You know baby you don't get a free pass So I told her, ""Ass, gas or grass"" Rolex with the diamonds keep me shining Gotta have perfect timin' when I'm ridin' Brand new Aston Martin with no mileage Oh, oh So come hop in that, ooh What do you wanna do? Put that dime in my coupe With that gold on my tooth, oh, yeah"
"5","Stoney"," cold "," Good job, First Yeah, my wrist so cold and my ice on froze And it's all for you Yeah, my ice so cold and my wrist on froze Yeah it's all for you Yeah, my wrist so cold and my ice on froze Yeah, I'd die for you Yeah, my ice so cold and my wrist on froze Yeah, I'd die for you, oh Oh, oh, oh, yeah, yeah Oh, yeah, yeah, yeah Yeah, stuntin', it's satisfyin' but it don't bring you closure Diamonds my state of mind, I'm drownin' in the ocean Just stay right where you are and don't come any closer I'm just gon' handle mine and just maintain composure People, they say learn from mistakes, yeah You keep your space, yeah, but all this pain, yeah You say you go away, yeah, stay in my lane though You hurt so bad when you went away, yeah I needed you, needed you So what the fuck do I do? I needed you, needed you So what the fuck do I do? Yeah Oh my God, oh my God A lot of bullshit on my mind Oh my God, oh my God I think about you all the time Oh my God, oh my God And I don't care 'bout no money Leave a knot up in my throat Now I'm counting on my own Yeah, my wrist so cold and my ice on froze And it's all for you Yeah, my ice so cold and my wrist so froze Yeah it's all for you Yeah, my wrist so cold and my ice on froze Yeah, I'd die for you Yeah, my ice so cold and my wrist on froze Yeah, I'd die for you My jewelry on, like an ice cube And all I wanna do is just ignite you This Saint Laurent, mama, you look nice too Can't hold my tongue, don't got the heart to Remember when I fell in love? I just came up alone Remember aim three, my fault Told that bad bitch get on my VLONE Hey, don't have much to do, yeah Everything is ruined Ayy, ain't no secret to it Thrown the check like a Nike, I just do it Oh my God, oh my God A lot of bullshit on my mind Oh my God, oh my God I think about you all the time Oh my God, oh my God And I don't care 'bout no money Leave a knot up in my throat Now I'm counting on my own Yeah, my wrist so cold and my ice on froze And it's all for you Yeah, my ice so cold and my wrist so froze Yeah it's all for you Oh, oh, oh, yeah, yeah Oh, yeah, yeah, yeah I ain't runnin', runnin' Oh, oh, oh, yeah, yeah Oh, yeah, yeah, yeah"
"6","Stoney"," white iverson "," Double OT I'm a new three Saucin', saucin', I'm saucin' on you I'm swaggin', I'm swaggin', I'm swaggin', oh-ooh I'm ballin', I'm ballin', Iverson on you (swish) Watch out, watch out, watch out, yeah That's my shot, that's my shot, that's my shot, yeah Spendin', I'm spendin' all my fuckin' pay I got me some braids and I got me some hoes Started rockin' the sleeve, I can't ball with no Joes You know how I do it, Concords on my toes (This shit is hard), ooh I ain't rich yet, but you know I ain't broke, I So if I see it, I like it, buy that from the store, I I'm with some white girls and they lovin' the coca Like they OT Double OT like I'm KD, smokin' OG And you know me, in my 2-3s and my gold teeth Bitch, I'm smiling, bet you see me from the nosebleeds I'm a new three and I change out to my new 3s White Iverson When I started ballin', I was young You gon' think about me when I'm gone I need that money like the ring I never won, I won Saucin', saucin', I'm saucin' on you I'm swaggin', I'm swaggin', I'm swaggin', oh-ooh I'm ballin', I'm ballin', Iverson on you Watch out, watch out, watch out, yeah That's my shot, that's my shot, that's my shot, yeah Spendin', I'm spendin' all my fuckin' pay Ooh, Stoney Cigarettes and a headband Commas, commas in my head, man Slumped over like a dead man Red and black, 'bout my bread, man I'm the answer, never question Lace up, learn a lesson Bitch, I'm saucin', I do this often, don't do no talkin' My options right when I walk in, jump all them Jordans I'm ballin', money jumpin' Like I'm Davis from New Orleans Or bitch I'm Harden, I don't miss nothin' Fuck practice, this shit just happens, know y'all can't stand it I have it, I never pass it, I work my magic High average, ball on these bastards, it makes me happy It's tragic, I make it happen, and all y'all Shaqtin' White Iverson When I started ballin' I was young You gon' think about me when I'm gone I need that money like the ring I never won, I won Saucin', saucin', I'm saucin' on you I'm swaggin', I'm swaggin', I'm swaggin', oh-ooh I'm ballin', I'm ballin', Iverson on you Watch out, watch out, watch out, yeah That's my shot, that's my shot, that's my shot, yeah Spendin', I'm spendin' all my fuckin' pay"
"7","Stoney"," i fall apart "," Oooh, I fall apart Oooh, yeah, mmhmm, yeah She told me that I'm not enough (yeah) And she left me with a broken heart (yeah) She fooled me twice and it's all my fault (yeah) She cut too deep, now she left me scarred (yeah) Now there's too many thoughts goin' through my brain (yeah) And now I'm takin' these shots like it's Novocaine, yeah Oooh, I fall apart Down to my core Oooh, I fall apart Down to my core Oooh, didn't know it before Surprised when you caught me off guard All this damn jewelry I bought You was my shorty, I thought Never caught a feelin' this hard Harder than the liquor I pour Tell me you don't want me no more But I can't let go, everybody told me so Feelin' like I sold my soul Devil in the form of a whore Devil in the form of a whore You said it, no, you said it No, you said that shit, we'd be together, oh Oooh, I fall apart Down to my core Oooh, I fall apart Down to my core Oooh, didn't know it before Surprised when you caught me off guard All this damn jewelry I bought You was my shorty, I thought Ice keep pourin' and the drink keep flowin' Try to brush it off, but it keep on goin' Covered in scars and I can't help showin' Whippin' in the foreign and the tears keep rollin' Ice keep droppin' and the drink keep flowin' Try to brush it off, but it keep on goin' All these scars, can't help from showin' Whippin' in the foreign and the tears keep blowin', yeah Oooh, I fall apart Down to my core Oooh, I fall apart Down to my core Oooh, didn't know it before Surprised when you caught me off guard All this damn jewelry I bought You was my shorty, I thought"
"8","Stoney"," patient "," Yeah, yeah, yeah Yeah, I know my wrist be dancin' crazy (Crazy) Been on some fly shit lately (Lately) Used to be so damn patient (Patient) But now it's ""Fuck you, pay me"" (Pay me) Can't let these motherfuckers phase me (Phase me) Never let that money change me (Change me) Ain't the way my momma raised me (Raised me) Don't mean to brag, but can you blame me? (Yeah) Two hundred K and VVS, yellow diamonds (Skrrt, skrrt) They wanna run up but they won't never find me (No way) Sleep right next to the F&N Motherfuckers the government Shut down all the plotting (Bop, bop, bop) One hundred bands on my body (Ooh, ooh) Yeah, fuck with them boys, touch your body (Touch your body, touch your) Lil' momma just want my pockets (Outta pocket) Yeah, 'Rari take off like a rocket (Skrrt, skrrt, skrrt, skrrt) Yeah, hold up, you too close (Too close) I don't know, I don't know ya (I don't know ya, skrrt, skrrt, skrrt, skrrt, skrrt) Had to run it, run it up How I roll, how I roll, yeah (That's how I roll) It's like after you pop off (Pop off) They all act like they know ya (They know ya) And Young Post be like Pablo (Like Pablo) And they all love to blow, yeah (Yeah, yeah) I know my wrist be dancin' crazy (Whoa) Been on some fly shit lately (Whoa) Used to be so damn patient (Whoa) But now it's ""Fuck you, pay me"" (Yeah) Can't let these motherfuckers phase me (Whoa) Never let that money change me Ain't the way my momma raised me (Whoa) Don't mean to brag, but can you blame me? (Yeah) Two hundred, swerving, dippin', dodge on the highway (Skrrt) You may contain me but you won't never stop me (No) On her way to my residence (Yeah, yeah, yeah) Try message your boo again She pullin' up prolly (Pullin' up prolly) Yeah, strally inside of that Bentley (Inside that Bentley) Yeah, come take a tat' on my belly (Bow, bow) Yeah, people actin' too friendly, man They tryna get dividends (Yeah) This shit is a problem (This shit's a problem) Yeah, you just be talkin' shit but ain't ever met me (Whoa) DeChino fucked your bitch and now you resent me (Whoa) I know them people but they don't represent me (Whoa) Them wastemen, we gonna make 'em all pay (Yeah, whoa) They will never stop the plan Eighty jumpin' off my hand Rollie, Rollie, Rollie (Rollie, Rollie) Bust it open (Bust it open), holy moly (Holy moly) I know my wrist be dancin' crazy (Whoa) Been on some fly shit lately (Yeah, yeah) Used to be so damn patient (Whoa) But now it's ""Fuck you, pay me"" (Whoa) Can't let these motherfuckers phase me (Phase me) Never let that money change me Ain't the way my momma raised me (Raised me) Don't mean to brag, but can you blame me? (Yeah) Oh, oh, oh, oh, whoa Oh, oh, oh, oh, whoa Oh, oh, oh, oh, whoa Oh, oh, oh, oh, whoa Oh, oh, oh, oh, oh Mmm, yeah Mmm, yeah"
"9","Stoney"," go flex "," Lighting stog after stog, I choke on the smoke They tell me to quit, don't listen what I'm told They help me forget that this world is so cold I don't even know what I'm chasin' no more Tell me what I want, just keep searchin' on It's never enough, cup after cup Blunt after blunt I wouldn't give one if I could find a fuck, ha, ha, ha, uh In the cut and I put that on my momma And my bitch called talkin' 'bout some drama I swear there ain't no time for women on the come up It's either the pussy or the commas Man, I just wanna go flex Gold on my teeth and on my neck And I'm stone cold with the flex With my squad and I'm smokin' up a check Man, I just wanna go flex Gold on my teeth and on my neck And I'm stone cold with the flex With my squad and I'm smokin' up a check Uh, yeah, push the gas, get a motherfuckin' nose bleed She ain't never met a youngin' do it like me She got a man but she says she really like me She doin' things to excite me She sendin' all her friends snaps of my new tracks 'Cause all these hoes know whats about to come next I hit my plug up, got the paper connect I drop a couple bands I just wanna go... Man, I just wanna go flex Gold on my teeth and on my neck And I'm stone cold with the flex With my squad and I'm smokin' up a check Man, I just wanna go flex Gold on my teeth and on my neck And I'm stone cold with the flex With my squad and I'm smokin' up a check Knowing all of this, it just don't make a difference I'm just talking shit to the ones that'll listen I come with the heat man, I swear I'm never missing And I'm still the same and I swear I'm never switching Knowing all of this, it just don't make a difference I'm just talking shit to the ones that'll listen I come with the heat man, I swear I'm never missing And I'm still the same and I swear I'm never switching Man, I just wanna go flex Gold on my teeth and on my neck And I'm stone cold with the flex With my squad and I'm smokin' up a check Man, I just wanna go flex Gold on my teeth and on my neck And I'm stone cold with the flex With my squad and I'm smokin' up a check Man, I just wanna go flex Gold on my teeth and on my neck And I'm stone cold with the flex Ice cold with the flex Haha, that shit hard"
"10","Stoney"," feel "," She talking that noise, take her loving with the dawn All while I talk on the phone After we fuck in the morn', she wake up, she wearin' my clothes She always be callin' my phone She always be stealin' my clothes, ayy Askin' me, ""How does it feel when you know you could buy out the store?"", ayy I'm Bathing Ape down to the floor, ayy I'm droppin' the four in the foreign, ayy I came a long way on my own, ayy I'm doin' this shit on my own, ayy I don't give a fuck what I'm told, ayy I came a long way on my own, ayy Now her pussy made out of gold, ayy I swear her pussy owning my soul She got that sauce, yeah Four days a hundred thousand Forever like a diamond She bring me back to life, yeah I'm so fly, I'm martian Quit talkin' all that nonsense I'm just tryna fuck you 'til you don't know nothin', oh I cross my t's and dot my i's yeah I'm for real (yeah, I'm for real) He hold me down (she hold me down) That's my shield (that's my shit) He buy whatever, he know the drill (know the drill) Don't need no pill (no pill, no) He whispered in my ear and told me feel, feel, feel, oh, oh, oh (feel, feel, yeah, feel, feel, yeah) He love that I say what I feel He feel what I say 'cause it's real You couldn't forget, I never changed up on my set And I only make calls to collect, that's why we connect We can go half on a jet, baby, we on to the next Fuck all the stress Fuckin' with bitches who's new to the game when you got you a vet I know you like it when I act like I'm still shy Then turn around and put that thing in overdrive I'm down to ride I'ma keep you on my shoulder 'Cause every cold nigga need a bitch that's ten times colder I cross my t's and dot my i's yeah I'm for real (yeah, I'm for real) He hold me down (she hold me down) That's my shield (that's my shit) He buy whatever, he know the drill (know the drill) Don't need no pill (no pill, no) He whispered in my ear and told me feel, feel, feel, oh, oh, oh (feel, feel, yeah, feel, feel, yeah) Hey, fuck me 'til I can't see straight Make me think that ho was a mistake I just need to feel you all the time Ride ho, ride ho, alright, alright, alright"
"11","Stoney"," too young "," I don't wanna die too young (uh) Yuh, too young (uh, uh-uh) Yuh, too young I don't wanna die too young (too young) Too young (too young) Too young (too young, uh) Countin' bands, hallelujah ('lujah) 'Lujah ('lujah) 'Lujah, yuh ('lujah, uh) I don't wanna die too young (too young) Too young (too young) Too young, uh (too young, uh-uh) I've been grindin' way too long (too long) Too long (too long) Too long, uh (yeah, ayy) Came up, don't know (I don't...) I just keep goin' with the flow (flow) I just wanna go and cop me somethin' I hit Fairfax, go shoppin' though (ayy) She just wanna hit that bathingroom (oh) Hold that guap like a register Keep on winnin', need that guapa though Like I'm cash out, eat at Pappadeaux Flowin' on to the Galapagos, runnin' and grab the dough Man, this shit never minimal, feel like an animal Yeah, bitch, I tryna keep me cool (tryna, tryna) 'Cause I ain't never goin', never goin' back, uh (tryna never) Yeah, I don't wanna die too young (too young) I don't wanna die too young (too young) When I get that cash, it's hallelujah, ayy, hallelujah Ayy, hallelujah, ayy (ayy, ayy) Hallelujah, ayy (ayy, ayy, hallelujah) I don't wanna die too young (no, ain't no) Too young (too young) Too young (too young) Countin' bands, hallelujah ('lujah, 'lujah) 'Lujah ('lujah, 'lujah) 'Lujah, yuh I don't wanna die too young (too young) Too young (yuh) Too young, uh I've been grindin' way too long Too long (way too long) Too long, uh Ayy, whip fast, my bitch bad, I skrrt, skrrt, that coupe fast My coupe fast, yo' bitch know (skrrt, skrrt) My bitch slow, she do what I say so And she always keep me on my toes Poppin' that woe, man, I be gone, ayy (whoa) Just watch me go, bitches, they watchin' me go (whoa) Walkin' around, ayy, I pick that band up And then I go drop that shit off (oh) Pull up in a Porsche, shit poppin' off Pop that shit off, I got that bitch off I tell her to knock that shit off and I got my nut off And she washed my nuts off, ayy Yeah, I want that shit (okay) I got that shit, pop that shit, got rich quick, suck my- (ooh) You know it make me god damn numb (ayy, yeah) When I see 'em die, so goddamn young I don't wanna die too young (I'm too young) Too young (too young) Too young (too young) Countin' bands, hallelujah (too young, goddamn) 'Lujah (goddamn) 'Lujah, yuh (yeah) I don't wanna die too young (no way) Too young (too young) Too young, uh (too young) I've been grindin' way too long (too long) Too long (too long) Too long, uh (too long) I don't wanna die too young, too young, too young Countin' bands, hallelujah, 'lujah, 'lujah, yuh I don't wanna die too young, too young, too young, uh"
"12","Stoney"," congratulations "," Mm-mmm Yah, yah Mm-mmm Yah (hey) My momma called, seen you on TV, son Said shit done changed ever since we was on I dreamed it all ever since I was young They said I wouldn't be nothing Now they always say, ""Congratulations"" (uh, uh) Worked so hard, forgot how to vacation (uh-huh) They ain't never had the dedication (uh, uh) People hatin', say we changed and look, we made it (uh, uh) Yeah, we made it (uh, uh) They was never friendly, yeah Now I'm jumping out the Bentley, yeah And I know I sound dramatic, yeah But I know I had to have it, yeah For the money, I'm a savage, yeah I be itching like a addict, yeah I'm surrounded, twenty bad bitches, yeah But they didn't know me last year, yeah Everyone wanna act like they important (yeah, yeah, yeah, yeah, yeah) But all that mean nothing when I saw my dough, yuh (yeah, yeah, yeah, yeah, yeah) Everyone countin' on me, drop the ball, yuh (yeah, yeah, yeah, yeah, yeah) Everything custom like I'm at the border, yah, yah If you fuck with winning, put your lighters to the sky How could I make cents when I got millions on my mind? Coming with that bullshit, I just put it to the side Balling since a baby, they could see it in my eyes My momma called, seen you on TV, son Said shit done changed ever since we was on I dreamed it all ever since I was young They said I wouldn't be nothing Now they always say, ""Congratulations"" (congratulations) Worked so hard, forgot how to vacation (ooh) They ain't never had the dedication (uh, uh, ayy) People hatin', say we changed and look we made it (uh, uh) Yeah, we made it (uh, uh, yah) I was patient (yah) Uh, I was patient (ayy, uh) Now I can scream that we made it (we made it) Now everywhere, everywhere I go, they say 'gratulation (uh) Young nigga, young nigga, graduation (yah) I pick up the rock and I ball, baby (ball) I'm looking for someone to call, baby (brr) But right now, I got a situation (ayy) Never old Ben-Ben Franklins (cash) Big rings, champagne (ooh, champagne) My life is like a ball game (ball game) But instead, I'm in the trap though (trap though) Pot so big, call it Super Bowl (Super Bowl) Super Bowl, call the hoes (brr) Get in the Rolls (skrrt) Top-floor lifestyle (top) Huncho and Post (yah, ayy) Malone (ayy) I gotta play on my phone (ayy) You know what I'm on (ayy) Huncho Houdini is gone (ayy) My momma called, seen you on TV, son Said shit done changed ever since we was on I dreamed it all ever since I was young They said I wouldn't be nothing Now they always say, ""Congratulations"" (ayy, uh, uh) Worked so hard, forgot how to vacation (uh-huh, ooh) They ain't never had the dedication (ayy, uh, uh) People hatin', say we changed and look we made it (yah, uh, uh) Yeah, we made it (ayy) Hey, hey, hey, hey Hey, hey, hey, hey Hey, hey, hey, hey Hey, hey, hey, hey"
"13","Stoney"," up there "," Woo-ooh-ooh-ooh-ooh Woo-ooh-ooh-ooh-ooh Woo-ooh Woo-ooh-ooh-ooh-ooh Woo-ooh-ooh-ooh-ooh Went and took a ride in the dead of night And told myself that everything’s okay (yeah) Try to understand how you standin' over me And girl, it's drivin' me crazy (yeah) Yeah, it's freezin' fuckin' cold in the dead of night The only heat, it come from the ashtray (yeah) I might as well get high as hell and just keep actin' like Everything doesn't phase me Yeah, take me all the way to the top, baby Don't even if I tell you to stop, baby Take me all the way to the sky, baby, baby I wanna go up there And I don't ever wanna come down I wanna see what's up there Actin' like I got it all figured out I wanna go up there And I don't ever wanna come down I wanna see what's up there Must be better than the hell on the ground Woo-ooh-ooh-ooh-ooh Woo-ooh-ooh-ooh-ooh Woo-ooh Woo-ooh-ooh-ooh-ooh Woo-ooh-ooh-ooh-ooh It's freezin' fuckin' cold in the dead of night And I'ma drop the top with no Rogaine (skrrt, skrrt, skrrt) And now might sound irrelevant but I prefer to stack my chips When everything fallin' (backwoods) And I ain't religious but I look into the sky And pray to anyone holy (anyone holy) I been drinkin' way too much and man I got the blues Because my baby don't hold me Take me all the way to the top, baby Don't even if I tell you to stop, baby Take me all the way to the sky, baby, baby I wanna go up there And I don't ever wanna come down I wanna see what's up there Actin' like I got it all figured out I wanna go up there And I don't ever wanna come down I wanna see what's up there Must be better than the hell on the ground I wanna go up there And I don't ever wanna come down I wanna see what's up there Actin' like I got it all figured out I wanna go up there And I don't ever wanna come down I wanna see what's up there Must be better than the hell on the ground"
"14","Stoney"," yours truly austin post "," I'ma take a Bud Light break, one minute Ah, ah I just came down from the high of my life I just, I just came down from the high of my life See us popping champagne, we could do it all night And if everything gone bad, we gon' make it alright How you expecting them O's when you ain't put in work? And I just got off the phone, yeah, with my realtor And I've been eating so good that, bitch, my belly broke And I might cop that Mulsanne 'cause, bitch, that Bentley talk Put that sauce on that bitch real quick Put that ice on that wrist real slick Girl, I know you know my wallet's real thick And I'm wonderin', wonderin' what you're drinking I just came down from the high of my life I just, I just came down from the high of my life See us popping champagne, we could do it all night And if everything gone bad, we gon' make it alright We don't fucking fuck with y'all, do we? (Do we?) We don't gotta stunt on y'all, do we? (Do we?) Bring that money back to yours truly (truly) When I'm rocking all my goddamn jewelry, yeah Hey, I just hopped out the foreign, looking so pretty, yeah And yeah, that watch on my arm look like a trillion You know that White Iverson, no, keep that jewelry tucked And I just balled out my brain, I feel like Bubba Chuck Girl, I'm zoned out, I feel my Xans Ain't nobody understand It's you and I, go and call your friends Let's get a lot of kerosene You gon' ride that bump-and-grind Yeah, let me see that double-time You ain't gotta tell them hoes because they know, yeah I just came down from the high of my life I just, I just came down from the high of my life See us popping champagne, we could do it all night And if everything gone bad, we gon' make it alright We don't fucking fuck with y'all, do we? (Do we?) We don't gotta stunt on y'all, do we? (Do we?) Bring that money back to yours truly (truly) When I'm rocking all my goddamn jewelry, yeah Tell me, who do you call? (Who you call?) When the night gets long (when the night gets long) And you're sitting by the phone (sitting by the phone) 'Cause all those drugs wore off, whoa I just came down from the high of my life I just, I just came down from the high of my life See us popping champagne, we could do it all night And if everything gone bad, we gon' make it alright High of my life High of my life High of my life High of my life High of my life"
"15","Stoney"," leave "," She said, ""Love me"" so I love her She said, ""Leave me"" so I left Then I went to California And I ain't never comin' back I got a high five from a brother I got bloodstains on the bed And I ain't sayin' that I love her But this bitch is gonna drive me mad I said this bitch is gonna drive me mad (ah-ah-ah-ah-ah-ah) You got just what I been looking for But you can't bring yourself to say no And I ain't never gonna let you go I kept wishing I would die, oh The whole plane ride home And I wish I could I know I should leave you alone I worship since I met you I fell down to my knees And when no one would accept ya Throw myself up on a cross and bleed I seen a dark cloud coming over I seen some evil shit in her head But she rode me like no other But this bitch is gonna drive me mad I said this bitch is gonna drive me mad (ah-ah-ah-ah-ah-ah) You got just what I been looking for But you can't bring yourself to say no And I ain't never gonna let you go I kept wishing I would die, oh The whole plane ride home And I wish I could I know I should leave you alone You got just what I been looking for But you can't bring yourself to say no And I ain't never gonna let you go I kept wishing I would die, oh The whole plane ride home And I wish I could I know I should leave you alone"
"16","Stoney"," hit this hard "," (Ooh, ooh) (Ooh, yeah, yeah) (Ooh, yeah, yeah) I never thought that it would hit this hard (Ooh, yeah, yeah) (Ooh, yeah, yeah) I never thought that it would hit this hard Don't do that, I tell you so Don't overdose, like no, no, no Oh my God, what have you become? The traces of you, no, I can't see them What have you become? What have you turned to? What have you taken? Like someone hurt you You drink that mixture, that shit gon' hit you No, I can't fix you, no, no Oooh, yeah I ran through, yeah I feel a change in the air tonight I saw myself in a different light (Ooh, yeah, yeah) (Ooh, yeah, yeah) I never thought that it would hit this hard (Ooh, yeah, yeah) (Ooh, yeah, yeah) I never thought that it would hit this hard I just keep running and running and running around I never thought that it would hit this hard The feeling is different instead when you wake on the ground I never thought that it would hit this hard I don't know who I was in and I don't know anymore I never thought that it would hit this hard In the city, we sinning, we don’t ever want to come down I never thought that it would hit this hard Me and J take over and we way up Now high above the city of angels Smoke a boge in the sky, pass the fuego I already dropped something in the Faygo Only came to the club 'cause they paid us Take this shit and lemme see what you made of No sleep, little mama, we gon' stay up Vampires on a night in Las Vegas Oooh, yeah I ran through, yeah I feel a change in the air tonight I saw myself in a different light (Ooh, yeah, yeah) (Ooh, yeah, yeah) I never thought that it would hit this hard (Ooh, yeah, yeah) (Ooh, yeah, yeah) I never thought that it would hit this hard I just keep running and running and running around I never thought that it would hit this hard The feeling is different instead when you wake on the ground I never thought that it would hit this hard I don't know who I was in and I don't know anymore I never thought that it would hit this hard In the city, we sinning, we don’t ever want to come down I never thought that it would hit this hard I just keep running and running and running around I never thought that it would hit this hard The feeling is different instead when you wake on the ground I never thought that it would hit this hard I don't know who I was in and I don't know anymore I never thought that it would hit this hard In the city, we sinning, we don’t ever want to come down I never thought that it would hit this hard"
"17","Stoney"," money made me do it "," Good job, First Woah, skrrt, skrrt Diamonds in my chain gold (okay) Every 20 minutes, change clothes (change up) I had a mil before the label (that money) Just as long as they know, money made me do it (they know) I said rest in peace to Bankroll (free) (God bless you) You in a better place, dog (God bless you) You won't ever see me lay low (they know it) Start the engine, watch me take off, money made me do it (skrrt, skrrt) I said, yeah, I said money made me do it (money, money, money, money, money) I said, yeah, I said money made me do it (money, money, money, money, money) Watch me, yeah, I said money made me do it (money, money) I said, yeah, I said money made me do it Take a ride when we wake up Hit the gas, melt your face off (your face) Spend the day counting cake up With a dime who think I changed up (I changed up) I took the Lincoln down Rodeo (skrrt, skrrt) Ran through it like some Drano (ooh, ooh) Lot of bags, can't complain though (no, no) We was shopping until they closed Why did I do that? Did I do that? Ooh, yeah (uh) New whip, now I can't pay my rent, ooh no, ooh yeah Diamonds in my chain gold (okay) Every 20 minutes, change clothes (change up) I had a mil before the label (that money) Just as long as they know, money made me do it (they know) I said rest in peace to Bankroll (free) (God bless you) You in a better place, dog (God bless you) You won't ever see me lay low (they know it) Start the engine, watch me take off, money made me do it (skrrt, skrrt) I said, yeah, I said money made me do it (money, money, money, money, money) I said, yeah, I said money made me do it (money, money, money, money, money) Watch me, yeah, I said money made me do it (money, money) I said, yeah, I said money made me do it (Yeah, 2 Chainz) Got a bandana 'round my neck Like Bankroll Fresh (free) Pocket full of street money (street) 'Bout to count my blessing (street) One hundred, one thousand 100K, one million (uh) We smoke, we laugh, we rap We talked about a vision (switch it up, haha) I got diamonds like a rainbow, every time I change clothes Shawty fucked my friend but I act like I ain't know I'ma buy a raincoat, the storm might approach you Clown like your daddy met your mom at a circus I do it on purpose, do it for the neighborhood Smoking on that Meagan Good, with my niggas when I do it Got that leather and that wood, I got the marble on the floor Got the burglar bars on the door at the bando Diamonds in my chain gold (okay) Every 20 minutes, change clothes (change up) I had a mil before the label (that money) Just as long as they know, money made me do it (they know) I said rest in peace to Bankroll (free) (God bless you) You in a better place, dog (God bless you) You won't ever see me lay low (they know it) Start the engine, watch me take off, money made me do it (skrrt, skrrt) I said, yeah, I said money made me do it (money, money, money, money, money) I said, yeah, I said money made me do it (money, money, money, money, money) Watch me, yeah, I said money made me do it (money, money) I said, yeah, I said money made me do it"
"18","Stoney"," feeling whitney "," I've been looking for someone... Ooh, ooh, ooh, ooh, ooh, ooh-ooh Ooh, ooh, ooh, ooh, ooh, ooh-ooh Ooh, ooh, ooh, ooh, ooh, ooh-ooh, ooh And I've been looking for someone to put up with my bullshit I can't even leave my bedroom so I keep pouring And I ain't seen a light of day since, well, that's not important It's been long And I was feeling Whitney, me and my homies sip the Houston Cars and clothes, thought I was winning, you knew I was losing You told me to wake up but my clock always stays on snooze And I'm done To each their own and find peace in knowing Ain't always broken, but here's to hoping Show no emotion, against your coding Just act as hard as you can You don't need a friend Boy, you're the man Ooh, ooh, ooh, ooh, ooh, ooh-ooh Ooh, ooh, ooh, ooh, ooh, ooh-ooh Ooh, ooh, ooh, ooh, ooh, ooh-ooh, ooh And I've been looking for someone that I can buy my drugs from It seems like every plug ran east to Utah, became Mormons Drought comes around, feels like I have no one to depend on Sober, ugh I had 80 beers on Tuesday night, I had nothing to do then I put on a little Dwight and sang a happy tune And lit a cigarette, stepped out the door, had an appearance Drank more To each their own and find peace in knowing Ain't always broken, but here's to hoping Show no emotion, against your coding Just act as hard as you can You don't need a friend Boy, you're the man Ooh, ooh, ooh, ooh, ooh, ooh-ooh Ooh, ooh, ooh, ooh, ooh, ooh-ooh Ooh, ooh, ooh, ooh, ooh, ooh-ooh, ooh"
"19","​beerbongs & bentleys"," paranoid "," Never know when someone comes and tries to take my life I've been sleepin' with the .45 like every night In the whip I pray to God I don't see flashin' lights God damn, they right behind me And I wake up everyday I wake up every day with this anxiety And they know where I stay Got ""Malone"" on my plates And they followin' me Two hundred bands under the floor of the kitchen A little more up in the walls and the ceilin' Even family and friends started switchin' Ever since I got that check, seen 'em itchin' Eyes open, I see you, I'm watchin' you More people wanna be you, don't trust no one Tell me why I can get no relief (I can't get no sleep) Wonderin' when they'll come for me A paranoid man makes paranoid plans I do what I can, but it's out of my hands Strugglin' just to find my peace Sometimes feel like I got no friends Can't trust a soul, like I'm Snowden Right by the bed, keep it loaded Lord have mercy if they broke in I don't ever sleep, yeah, I'm wide awake If you try to pull up to my place Beam is gonna hit you a mile away I promise, one of us gonna die today Helicopters in the sky No, he can't escape the eyes Politicians and the lies Tell me, what's the point in pickin' sides? Tell me why I can get no relief (I can't get no sleep) Wonderin' when they'll come for me A paranoid man makes paranoid plans I do what I can, but it's out of my hands Strugglin' just to find my peace (Ayy) Mind is runnin' all day Cost me more than money and I'm payin' the price, yeah I ain't goin' nowhere Killin' myself so I can make me a life, yeah Minute after minute, never had a limit Woke up every mornin', knew that I just had to get it Windows always tinted, you ain't lookin' in it Either way, I know they'll come for me again Tell me why I can get no relief (I can't get no sleep) Wonderin' when they'll come for me A paranoid man makes paranoid plans I do what I can, but it's out of my hands Strugglin' just to find my peace"
"20","​beerbongs & bentleys"," spoil my night "," I don't have much to say, I'll be out front Won't you come spoil my night? Feelin's come into play and I'm thinkin' this happens every time Spoil my night, spoil my night Spoil my night (My night) Spoil my night, spoil my night My necklace has a natural glow She dancin' in the strobe Let's fuckin' spoil my night (Spoil my night) Spent so much cash, I lost her My cup was too toxic I took the robe off (Yeah) I couldn't get her off me Dropped plenty money on her thighs There's plenty room in my ride I've never been like a small fry She took me in, that's on my life Spoil my night, spoil my night Spoil my night (My night) Spoil my night, spoil my night I don't have much to say, I'll be out front Won't you come spoil my night? (Spoil my night) Feelin's come into play and I'm thinkin' this happens every time Yeah, when I walk up in a party, they all act like they know me Then I spotted lil' mama through the wall of jabronis (Ooh) Point her out so I can bag her if they just bring her to me (bring her to me) I ain't even see the face, but she got beautiful boobies (Wow) And she see those diamonds in my teeth (In my teeth) I see her smilin' back at me (Back at me) I think she rock with me like Jumanji (Jumanji) It's about time, Postmate Plan B Now she whippin' out her phone and I know (And I know) Damn, how many videos you gon' post? Everybody on the 'Gram gonna know My girl at home now my line about to blow (Yeah) I know what I'm doin' ain't right But ain't no need to spoil my night, no need, no need Spoil my night, spoil my night Spoil my night (My night) Spoil my night, spoil my night I don't have much to say, I'll be out front Won't you come spoil my night? (Spoil my night) Feelin's come into play and I'm thinkin' this happens every time (Yeah) Spoil my night, spoil my night Spoil my night, spoil my night Spoil my night, spoil my night"
"21","​beerbongs & bentleys"," rich sad "," Hundred thousand for the chain and now my drop (drop, drop) When I pull out the garage, I chop my top (top, top) Just like a fiend, when I start I cannot stop (whoa) I got, I got hella guap, look at me now (at me now) Ooh, covered in carats, ooh, mahogany cabinets Ooh, I ball like the Mavericks, ooh, stable and stallions Ooh, massive medallions, ooh, I finally had it Ooh, but then you just vanished, damn, I thought I was savage All this stuntin' couldn't satisfy my soul (-oul) Got a hundred big places, but I'm still alone (–one) Ayy, I would throw it all away I just keep on wishin' that the money made you stay You ain't never cared about that bullshit anyway I just keep on wishin' that the money made you stay, ayy You know I would throw it all away I just keep on wishin' that the money made you stay Price went up, my price went up, we went our separate ways I just keep on wishin' that the money made you stay, ayy, ayy Buy me love, tried to buy me love Now I'm alone, Ice Box, Omarion (ooh) Plenty sluts grabbin' on my nuts (woah) Might have fucked, it was only lust (trust) I was livin' life, how could I have known? (could have known) Couldn't listen to advice 'cause I'm never wrong (oh) In the spotlight, but I'm on my own (oh) Now that you're gone (now that you're gone) All this stuntin' couldn't satisfy my soul (-oul) Got a hundred big places, but I'm still alone (–one) Ayy, I would throw it all away I just keep on wishin' that the money made you stay You ain't never cared about that bullshit anyway I just keep on wishin' that the money made you stay, ayy You know I would throw it all away I just keep on wishin' that the money made you stay Price went up, my price went up, we went our separate ways I just keep on wishin' that the money made you stay, ayy, ayy I don't even wanna go home In a big house all alone (alone) I don't even wanna go home (no, no, no) But I'ma try to call you on the phone Brrt I would throw it all away I just keep on wishin' that the money made you stay You ain't never cared about that bullshit anyway I just keep on wishin' that the money made you stay (made you stay) ayy You know I would throw it all away I just keep on wishin' that the money made you stay (made you stay) Price went up, my price went up, we went our separate ways (separate ways) I just keep on wishin' that the money made you stay (made you stay) ayy, ayy"
"22","​beerbongs & bentleys"," zack and codeine "," Man, my life so sweet, I feel like Cody (Cody) I wake up, rinse my mouth with fuckin' codeine (codeine) Thirty bottles, yeah, the bill is on me (on me) Been livin' fast, no, I can't take it slowly (slowly) Man, my life so sweet, I feel like Cody (Cody) I wake up, rinse my mouth with fuckin' codeine (codeine) We on a bender, we ain't gettin' no sleep (no sleep) We turned the hotel lobby to a party I'm whippin' a foreign, I can't whip no Beetle (can't whip no Beetle, can't whip no Beetle) I rock that Saint Laurent over my beater (over my beater) I like to stunt like I'm Evel Knievel (ooh) But, it don't mean nothin' without all my people (oh) When I step up on stage, hands up to the sky (hands up to the sky) Every little thing I do, they always analyze (they always analyze) Gave that bitch a little blow and then she come alive (ooh, wow!) Started dancin' on the table, like she had on mine (yeah) I don't fuck with nobody (no), yeah, you hardly know me (oh) What you take me for (take me for), no, I can't save your soul (oh) I don't fuck with nobody, yeah, you hardly know me (you don't know me, know me) Please just leave me alone Man, my life so sweet, I feel like Cody (Cody) I wake up, rinse my mouth with fuckin' codeine (codeine) Thirty bottles, yeah, the bill is on me (on me) Been livin' fast, no, I can't take it slowly (slowly) Man, my life so sweet, I feel like Cody (Cody) I wake up, rinse my mouth with fuckin' codeine (codeine) We on a bender, we ain't gettin' no sleep (no sleep) We turned the hotel lobby to a party Made a hundred bands, saw all your hands out (all your hands out) No, my friend, can't do no handouts (do no handouts) All these rappers, all sound the same now (sound the same now) Sayin' I'm to blame, now y'all see me on the TV (ooh) Multimillionaire by the time I'm 23 (ooh) Gettin' no sleep (no), ragin' for a week (ooh) I hit number one and I ain't even hit my peak (ahh) I just had to tell 'em I don't fuck with nobody, yeah, you hardly know me What you take me for, no, I can't save your soul I don't fuck with nobody, yeah, you hardly know me (hardly know me) Please just leave me alone (leave me alone) Man, my life so sweet, I feel like Cody (Cody) I wake up, rinse my mouth with fuckin' codeine (codeine) Thirty bottles, yeah, the bill is on me (on me) Been livin' fast, no, I can't take it slowly (slowly) Man, my life so sweet, I feel like Cody (Cody) I wake up, rinse my mouth with fuckin' codeine (codeine) We on a bender, we ain't gettin' no sleep (no sleep) We turned the hotel lobby to a party We ain't sleepin', we ain't sleepin', we ain't (we ain't sleepin', we ain't sleepin') We ain't sleepin', we ain't sleepin' tonight (no) We ain't sleepin', we ain't sleepin', no way (oh, yeah, we ain't sleepin',) Pour that drink, 'cause we ain't sleepin' tonight (no)"
"23","​beerbongs & bentleys"," takin shots "," Drinkin' all night, but we ain't done yet (yet) Waitin' on the plug, but he ain't come yet (yet) Still need somethin'? Put your bank on it (bank on it) Got a big bag with a Bape on it (Bape on) Party ain't over if they say somethin' (say somethin') No sleep 'til I've seen three suns (three suns) Party gon' end with a threesome (threesome) Raw dog, prolly have three sons Chasin' the Perc' with some Buddy, that shit never lets me down (uhm) They go to work for some money, we make it from actin' out (uhm) Grrrrrah, we takin' shots right now (shots right now) Grrrrrah, yeah, we takin' shots right now (shots) See me in a 'Rari goin' vroom-vroom (skrrt skrrt) Sexy motherfucker in a cartoon Saint Laurent, 40, on a new suit Sippin' Bud Light, that's a new cruise Baby, bust it open like woo-hoo The diamonds got cut like a boo-boo Pockets so fat, rock a muu-muu Me and Dre came for the pum pum Drippin', drippin', drippin', women tryna take my millions Help my bro with an assist I'm Jason Williams (like somethin' oh) Heard that there's a party, I might pay a visit (visit) That's a moment, hopped out frog like ribbit, ribbit (skrrt) Drunk when I walked in the door, so fuckin' high like, ""Hello"" I told her pour me some more, then she went right for the blow (the blow) 30 more girls wanna roll, let's get this bitch on the road (on the road) Already losin' control, this is the life that we chose Drinkin' all night, but we ain't done yet (yet) Waitin' on the plug, but he ain't come yet (yet) Still need somethin'? Put your bank on it (bank on it) Got a big bag with a Bape on it (Bape on) Party ain't over if they say somethin' (say somethin') No sleep 'til I've seen three suns (three suns) Party gon' end with a threesome (threesome) Raw dog, prolly have three sons Chasin' the Perc' with some Buddy, that shit never lets me down (uhm) They go to work for some money, we make it from actin' out (uhm) Grrrrrah, we takin' shots right now (shots right now) Grrrrrah, yeah, we takin' shots right now (shots) Frontin' on me, but you love it (love it) Tryna act like you above it ('bove it) Dad bod know you wanna rub it (rub it) Have you ever done it in public? Sippin' all night, let it rotate Baby, just for the night, you my soulmate Mixin' vodka with the champagne Tell me how much liquor can a man take How many records have I sold? I don't even know, can't keep count (nope) You know that I've been on a roll Celebratin' life when I come around (come around) Sippin' all night, sippin' all day Brought the beerbong out like a tailgate Holdin' big words that I can't say Got me speakin' drunkanese, can you translate? Drunk when I walked in the door, so fuckin' high like, ""Hello"" I told her pour me some more, then she went right for the blow (the blow) 30 more girls wanna roll, let's get this bitch on the road (on the road) Already losin' control, this is the life that we chose Drinkin' all night, but we ain't done yet (yet) Waitin' on the plug, but he ain't come yet (yet) Still need somethin'? Put your bank on it (bank on it) Got a big bag with a Bape on it (Bape on) Party ain't over if they say somethin' (say somethin') No sleep 'til I've seen three suns (three suns) Party gon' end with a threesome (threesome) Raw dog, prolly have three sons Chasin' the Perc' with some Buddy, that shit never lets me down (uhm) They go to work for some money, we make it from actin' out (uhm) Grrrrrah, we takin' shots right now (shots right now) Grrrrrah, yeah, we takin' shots right now (shots)"
"24","​beerbongs & bentleys"," rockstar "," Hahahahaha Tank God Ayy, ayy I've been fuckin' hoes and poppin' pillies Man, I feel just like a rockstar (Star, ayy, ayy) All my brothers got that gas And they always be smokin' like a Rasta ('Sta) Fuckin' with me, call up on a Uzi And show up, man, them the shottas ('Tas) When my homies pull up on your block They make that thing go grrra-ta-ta-ta (Ta, pow, pow, pow, ayy, ayy) Switch my whip, came back in black I'm startin' sayin': ""Rest in peace to Bon Scott"" (Scott, ayy) Close that door, we blowin' smoke She ask me light a fire like I'm Morrison ('Son, ayy) Act a fool on stage Prolly leave my fuckin' show in a cop car (Car, ayy) Shit was legendary Threw a TV out the window of the Montage Cocaine on the table, liquor pourin', don't give a damn Dude, your girlfriend is a groupie, she just tryna get in Sayin', ""I'm with the band"" (Ayy, ayy) Now she actin' outta pocket, tryna grab up on my pants Hundred bitches in my trailer say they ain't got a man And they all brought a friend (Yeah, ayy, ayy, ayy) I've been fuckin' hoes and poppin' pillies Man, I feel just like a rockstar (Star, ayy, ayy) All my brothers got that gas And they always be smokin' like a Rasta ('Sta) Fuckin' with me, call up on a Uzi And show up, man, them the shottas ('Tas) When my homies pull up on your block They make that thing go grrra-ta-ta-ta (Ta, pow, pow, pow) I've been in the Hills fuckin' superstars Feelin' like a popstar (21, 21, 21) Drankin' Henny, bad bitches jumpin' in the pool And they ain't got on no bra (Bra) Hit her from the back, pullin' on her tracks And now she screamin' out, ""¡No más!"" (Yeah, yeah, yeah) They like, ""Savage, why you got a twelve car garage And you only got six cars?"" (21) I ain't with the cakin', how you kiss that? (Kiss that?) Your wifey say I'm lookin' like a whole snack (Big snack) Green hundreds in my safe, I got old racks (old racks) L.A. bitches always askin', ""Where the coke at?"" (21, 21) Livin' like a rockstar, smash out on a cop car Sweeter than a Pop-Tart, you know you are not hard I done made the hot chart, 'member I used to trap hard Livin' like a rockstar, I'm livin' like a rockstar (Ayy) I've been fuckin' hoes and poppin' pillies Man, I feel just like a rockstar (Star, ayy, ayy) All my brothers got that gas And they always be smokin' like a Rasta ('Sta, yeah, yeah, yeah, yeah) Fuckin' with me, call up on a Uzi And show up, man, them the shottas ('Tas) When my homies pull up on your block They make that thing go grrra-ta-ta-ta (Ta, grrra-ta-ta-ta-ta) Star, star, rockstar, rockstar, star Rockstar Rockstar, feel just like a rock... Rockstar Rockstar Rockstar Feel just like a..."
"25","​beerbongs & bentleys"," over now "," Ahahah, yeah (Yeah, yeah, yeah) When you leave me, make me jump up off my roof Didn't faze you, would've given you the moon Even after everything that we've been through I ain't never met nobody like you Why you always tryna tell me that it's cool? Need to quiet 'cause you never tell the truth Felt like ballin' was the only thing to do Trade my woman for some diamonds and a coupe When she's comin' for my heart, it feels like Armageddon I'ma turn the tables, promise you will not forget it Won't apologize, don't give a fuck if you're offended No discussion, yeah we gotta go our separate ways Won't take me down in flames I don't even wanna know your name Watch how everything is gonna change, yeah, ayy I'ma pull up in a Bentley With a fuckin' hunnid thousand in my pocket, yeah, yeah I'ma pull in, swang my door open Stuntin', knowin' everybody watchin', yeah, yeah And help another bitch out the whip And I don't give a fuck if you don't like it, yeah, yeah Just to show you that it's over It don't matter what you gotta say about it, yeah I'ma put that bitch pussy in a motherfuckin' bodybag So you know that I'm never ever coming back You kept your heart on the counter in a Prada bag I used to never ever want to see the light of day, yeah I was an idiot Beggin' on my knees onto the floor Now, I don't even want you anymore, anymore It's over now It's over now, yeah, yeah, yeah, ayy Feels like a knife in my throat, you treat this like it's a joke I bet you've done this before, I ain't surprised, yeah I wasn't tryna let go, but you'll know why when I'm ghost I hope you wind up alone, dead in my eyes, yeah Ain't religious, only Christian when it's Dior Only prayin' for the Amex and the gold You ain't stop me, no, you only was a detour Tried to drive me crazy, you ran out of road When she's comin' for my heart, it feels like Armageddon I'ma turn the tables, promise you will not forget it Won't apologize, don't give a fuck if you're offended No discussion, yeah we gotta go our separate ways Won't take me down in flames I don't even wanna know your name Watch how everything is gonna change (is gonna change), yeah, ayy I'ma pull up in a Bentley With a fuckin' hunnid thousand in my pocket, yeah, yeah I'ma pull in, swang my door open Stuntin', knowin' everybody watchin', yeah, yeah And help another bitch out the whip And I don't give a fuck if you don't like it, yeah, yeah (I don't give a fuck) Just to show you that it's over It don't matter what you gotta say about it, yeah (what you gotta say about it) I'ma put that bitch pussy in a motherfuckin' bodybag (in a bodybag) So you know that I'm never ever coming back (never coming back) You kept your heart on the counter in a Prada bag (in a Prada bag) I used to never ever want to see the light of day, yeah I was an idiot Beggin' on my knees on to the floor (to the floor) Now I don't even want you anymore, anymore It's over now It's over now (It's over now)"
"26","​beerbongs & bentleys"," psycho "," Damn, my AP goin' psycho, lil' mama bad like Michael Can't really trust nobody with all this jewelry on you My roof look like a no-show, got diamonds by the boatload Come with the Tony Romo for clowns and all the bozos My AP goin' psycho, lil' mama bad like Michael Can't really trust nobody with all this jewelry on you My roof look like a no-show, got diamonds by the boatload Don't act like you my friend when I'm rollin' through my ends, though You stuck in the friend zone, I tell that four-five the fifth, ayy Hunnid bands inside my shorts, DeChino the shit, ayy Try to stuff it all in, but it don't even fit, ayy Know that I been with the shits ever since a jit, ayy I made my first million, I'm like, ""Shit, this is it,"" ayy 30 for a walkthrough, man, we had that bitch lit, ayy Had so many bottles, gave ugly girl a sip Out the window of the Benzo, we get seen in the rent' And I'm like ""Whoa, man, my neck so goddamn cold” Diamonds wet, my t-shirt soaked I got homies, let it go, oh My money thick, won't ever fold She said, ""Can I have some to hold?"" And I can't ever tell you no Damn, my AP goin' psycho, lil' mama bad like Michael Can't really trust nobody with all this jewelry on you My roof look like a no-show, got diamonds by the boatload Come with the Tony Romo for clowns and all the bozos My AP goin' psycho, lil' mama bad like Michael Can't really trust nobody with all this jewelry on you My roof look like a no-show, got diamonds by the boatload Don't act like you my friend when I'm rollin' through my ends, though The AP goin' psycho, my Rollie goin' brazy I'm hittin' lil' mama, she wanna have my babies It's fifty on the pinky, chain so stanky You should see the whip, promise I can take yo' bitch Dolla ridin' in an old school Chevy, it's a drop top Boolin' with a thot-thot, she gon' give me top-top Just one switch, I can make the ass drop (Hey) Ayy, take you to the smoke shop We gon' get high, ayy, we gon' hit Rodeo Dial up Valentino, we gon' hit Pico Take you where I'm from, take you to the slums This ain't happen overnight, no, these diamonds real bright Saint Laurent jeans, still in my Vans though All VVS', put you in a necklace Girl, you look beautiful tonight Stars on the roof, they matching with the jewelry Damn, my AP goin' psycho, lil' mama bad like Michael Can't really trust nobody with all this jewelry on you My roof look like a no-show, got diamonds by the boatload Come with the Tony Romo for clowns and all the bozos My AP goin' psycho, lil' mama bad like Michael Can't really trust nobody with all this jewelry on you My roof look like a no-show, got diamonds by the boatload Don't act like you my friend when I'm rollin' through my ends, though"
"27","​beerbongs & bentleys"," better now "," You prolly think that you are better now, better now You only say that 'cause I'm not around, not around You know I never meant to let you down, let you down Woulda gave you anything, woulda gave you everything You know I say that I am better now, better now I only say that 'cause you're not around, not around You know I never meant to let you down, let you down Woulda gave you anything, woulda gave you everything Oh-oh I did not believe that it would end, no Everything came second to the Benzo You're not even speakin' to my friends, no You knew all my uncles and my aunts though Twenty candles, blow 'em out and open your eyes We were lookin' forward to the rest of our lives Used to keep my picture posted by your bedside Now it's in your dresser with the socks you don't like And I'm rollin', rollin', rollin', rollin' With my brothers like it's Jonas, Jonas Drinkin' Henny and I'm tryna forget But I can't get this shit outta my head You prolly think that you are better now, better now You only say that 'cause I'm not around, not around You know I never meant to let you down, let you down Woulda gave you anything, woulda gave you everything You know I say that I am better now, better now I only say that 'cause you're not around, not around You know I never meant to let you down, let you down Woulda gave you anything, woulda gave you everything Oh-oh I seen you with your other dude He seemed like he was pretty cool I was so broken over you Life it goes on, what can you do? I just wonder what it’s gonna take Another foreign or a bigger chain (bigger chain) Because no matter how my life has changed I keep on looking back on better days You prolly think that you are better now, better now You only say that 'cause I'm not around, not around You know I never meant to let you down, let you down Woulda gave you anything, woulda gave you everything You know I say that I am better now, better now I only say that 'cause you're not around, not around You know I never meant to let you down, let you down Woulda gave you anything, woulda gave you everything Oh-oh I promise I swear to you, I'll be okay You're only the love of my life (love of my life) You prolly think that you are better now, better now You only say that 'cause I'm not around, not around You know I never meant to let you down, let you down Woulda gave you anything, woulda gave you everything You know I say that I am better now, better now I only say that 'cause you're not around, not around You know I never meant to let you down, let you down Woulda gave you anything, woulda gave you everything Oh-oh"
"28","​beerbongs & bentleys"," ball for me "," Uh-uh-uh-uh-uh-uh, ball for me Baby, could you? I got too much on my mind right now (oh-oh-oh) I ain't got the time to get you Saint Laurent now Could you? I got too much on my mind right now (oh-oh-oh) Time to hit Rodeo, give my baby 30 thou' Oo-oo-oo-oo-oo-oo-oo-oo-ooh, ball for me Oo-oo-oo-oo-oo-oo-oo-oo-ooh, b-ball for me, yeah Oo-oo-oo-oo-oo-oo-oo-oo-ooh, ball for me Oo-oo-oo-oo-oo-oo-oo-oo-ooh, b-ball for me, yeah I'm on the road, I'm gettin' paid, like what you want, baby? (What you want, baby?) You're bougie, baby, but I love you, baby, give you the world, baby (you the world, baby) Paid five grand for a handbag, that's Saint Laurent, baby (Saint Laurent, baby) Damn, you love that money, baby (oh-oh-oh) Hunnid thousand plus hunnid thousand, my whip (my whip, my whip) 30 thousand plus 30 thousand, my wrist (my wrist, my wrist) We got alcohol, plus bad bitches, that's lit (that's lit, that's lit) I swear, baby, we was just kissin', that's it (that's it, that's it) (oh-oh-oh) How could I forget the shit that you done done for me? (For me) Baby gonna take the charge and take the fall for me (for me) Would love to take you shoppin', but girl, I'm in Europe tourin' Sorry, lil' mama, I can't give you more Baby, could you? I got too much on my mind right now (oh-oh-oh) I ain't got the time to get you Saint Laurent now Could you? I got too much on my mind right now (oh-oh-oh) Time to hit Rodeo, give my baby 30 thou' Oo-oo-oo-oo-oo-oo-oo-oo-ooh, ball for me Oo-oo-oo-oo-oo-oo-oo-oo-ooh, b-ball for me, yeah Oo-oo-oo-oo-oo-oo-oo-oo-ooh, ball for me Oo-oo-oo-oo-oo-oo-oo-oo-ooh, b-ball for me, yeah Yo, gotta hit him on the jack When you comin' back? Where is you at on the map? Everything is intact Coulda been a seamstress, still wouldn't cut him slack Pretty much, ain't got a clue Itty bitty piggyback off everything I do But I'm still droppin' jaws Got 'em lookin' like James Harden at the awards (oh-oh-oh) Back to you, I'm so into you For real, breh like I'm kin to you If you a 10, I add 10 to you They be mad when I tend to you That's what the bae like Call me Buffy 'cause that's what I slay like These bitches, I son 'em like it's daylight These niggas wanna know what it tastes like What it tastes like, yo, what it tastes like, yo They wanna know what it tastes like, yo All this ice, it should taste like snow Get kimonos and let's fly to Tokyo Pretty, pretty please baby, won't you cop this for me? Uh Baby, could you? I got too much on my mind right now (oh-oh-oh) I ain't got the time to get you Saint Laurent now Could you? I got too much on my mind right now (oh-oh-oh) Time to hit Rodeo, give my baby 30 thou' Oo-oo-oo-oo-oo-oo-oo-oo-ooh, ball for me Oo-oo-oo-oo-oo-oo-oo-oo-ooh, b-ball for me, yeah Oo-oo-oo-oo-oo-oo-oo-oo-ooh, ball for me Oo-oo-oo-oo-oo-oo-oo-oo-ooh, b-ball for me, yeah Oo-oo-oo-oo-oo-oo-oo-oo-ooh, ball for me (what it tastes like) Oo-oo-oo-oo-oo-oo-oo-oo-ooh, b-ball for me, yeah Oo-oo-oo-oo-oo-oo-oo-oo-ooh, ball for me (what it tastes like) Oo-oo-oo-oo-oo-oo-oo-oo-ooh, b-ball for me, yeah"
"29","​beerbongs & bentleys"," otherside "," I been waitin', wide awake for the waves to come and take Take me right to you One hundred bottles of the good shit couldn't even bring you back What am I to do? Feel like I'm circlin' a drain, all I see is the remains of an ugly truth (of an ugly truth) One hundred models I could follow all the way to hell and back, but they can't replace you (they can't replace you) Oh, oh, oh, ohh Oh, oh, oh, ohh Oh, oh, oh, ohh, ohh Oh, oh, oh, ohh Oh, oh, oh, ohh Oh, oh, oh, ohh Oh, oh, oh, ohh, ohh I was puttin' on for you like a jersey What I didn't know then couldn't hurt me Never thought that you'd go and do me dirty Left me in the cold, but on the inside I was burnin' But that's just the way it goes Wish that I could have control Everybody dies alone (And I ain't dead yet) Say my prayers, but I lost faith a long time ago (a long time ago) Dream nightmares I guess we're gettin' used to losin' hope (guess we're losing hope) I don't even wonder why you don't answer when I call your name Are you on the other side? Will you save us? Or will you run away? I'm still waitin', wide awake for the waves to come and take Take me right to you (take me right to you) One hundred vials of denial, I know they won't bring you back What am I to do? (What am I to do?) You’re my alibi and motive when I'm lyin' to myself, what an ugly truth (what an ugly truth) We’re no strangers to the flame We will never be the same if we make it through (and we can make it through) My back is up against the wall But I used to feel invincible Yeah, it was us against the world But somehow, someway, the tables turned I remember back then Played my cards right you were my best hand Still you keep me guessin' Wonder if I'll ever get the message Say my prayers, but I lost faith a long time ago (a long time ago) Dream nightmares I guess we're gettin' used to losin' hope (guess we're losing hope) I don't even wonder why you don't answer when I call your name Are you on the other side? Will you save us? Or will you run away? Are you on the other side? Will you save us? Or will you run away?"
"30","​beerbongs & bentleys"," stay "," It's true that all that you know is all that you are You said that it's all that you want and more Fuck off and pour another drink And tell me what you think You know that I'm too drunk to talk right now You put your cigarette out on my face So beautiful, please, woman Don't break your back for me I'll put you out of your misery Tell me that it's all okay (tell me that it's all okay) I've been waitin' on this all damn day (waitin' on this all damn day) Call me in the mornin', tell me how last night went I'm here, but don't count on me to— Stay a little longer if you convince me And tell me all the things that you have against me Every time we make up, the truth is fadin' Everybody's blind when the view's amazin' Damn, who are we right now? Can we have a little conversation? Figure it out with no intoxication We carry on, what is our motivation? We're never wrong, how the hell we gonna make it? Maybe we're used to this Tell me, what are we to do? It's like we only play to lose Chasin' pain with an excuse I love that shit and so do you But don't break your back for me I'll put you out of your misery Tell me that it's all okay (tell me that it's all okay) I've been waitin' on this all damn day (waitin' on this all damn day) Call me in the mornin', tell me how last night went I'm here, but don't count on me to stay Tell me that it's all okay (tell me that it's all okay) I've been waitin' on this all damn day (waitin' on this all damn day) Call me in the mornin', tell me how last night went I'm here, but don't count on me to stay"
"31","​beerbongs & bentleys"," blame it on me "," I used to say I was free Now all these people wanna keep on takin' pieces of me They take away everything, had everything that I needed They held me down, let me drown They spit me out, right through the teeth I can't pretend, ash in the wind, won't blow again It was a breeze for you (Breeze for you) These hurricanes inside of my brain, let it rain, made it look easy Can't look away, you love the pain, you love the pain Watchin' me bleed You cut me down on my knees No matter what you believe I think we both can agree That you can't blame it on me (Ayy) It's not my fault, it's not my fault, it's not my fault Blame it on me (Ayy) It's not my fault, it's not my fault, it's not my fault I couldn't breathe Almost lost myself, couldn't stop myself, I did it all You can't blame it on me (Ayy) It's not my fault, it's not my fault, it's not my fault Every day's the same, yeah, I just watch 'em go As I scrape away through the impossible Yeah, I played the game but it was all for show Tryna find my way, I nearly lost it though Now I see dead people, most have no faith Where did the time go? A watch with no face They hit the ceilin', but my roof likes space I took my chances so won't you Blame it on me (Ayy) It's not my fault, it's not my fault, it's not my fault Blame it on me (Ayy) It's not my fault, it's not my fault, it's not my fault I couldn't breathe Almost lost myself, couldn't stop myself, I did it all You can't blame it on me (Ayy) It's not my fault, it's not my fault, it's not my fault, not my fault It's all my fault that I'm addicted to the clothes It's all my fault, I paid the cost, yeah It's all my fault that I ain't givin' up my soul It's all my fault Watchin' me bleed (Watchin' me bleed) You cut me down on my knees (You cut me down on my knees) No matter what you believe I think we both can agree That you can't blame it on me (Ayy) It's not my fault, it's not my fault, it's not my fault Blame it on me (Ayy) It's not my fault, it's not my fault, it's not my fault I couldn't breathe Almost lost myself, couldn't stop myself, I did it all You can't blame it on me (Ayy) It's not my fault, it's not my fault, it's not my fault It's not my fault, it's not my fault, it's not my fault Blame it on me, yeah It's not my fault, it's not my fault, it's not my fault"
"32","​beerbongs & bentleys"," same bitches "," Yeah, yeah I been in L.A. too long How I see the same bitches everywhere I go? It don't really matter where they from Actin' or a model, heard it all before Population four million, how I see the same bitches? (How I see the same bitches?) Yeah, yeah Population four million, how I see the same bitches? (How I see the same bitches?) Yeah, yeah, yeah I hit your DM, baby Took the screenshot, yeah, you tried to play me I bet this shit was good for your reputation I just let it go, so I could see you naked Holy moly, look at what you rolled in Million followers, but your bumpers broken What's your focus? Tell me what your goal is I know you only like me 'Cause I just spent a hundred bands in one night Spent a hundred bands in one night I know you wanna live this life But I can't make a ho a housewife (Oh, no) What's your name? Who's your daddy? Is he rich like me? Is he rich like me? Yeah, yeah, yeah (Ayy) I been in L.A. too long How I see the same bitches everywhere I go? It don't really matter where they from Actin' or a model, heard it all before Population four million, how I see the same bitches? (How I see the same bitches?) (Uh, yeah) Yeah, yeah Population four million, how I see the same bitches? (How I see the same bitches?) (Gerald) Yeah, yeah, yeah (uh) Everywhere I go I see the same ho Always post selfies on the 'Gram from a angle, a Catfish Hollywood devil, not a angel Her bag is Chanel, but she drives a Durango Yeah, and I'm gettin' to the queso Woke and I'm hip to the game, so I'm thankful OGs put me on tours, so I'm laced, bro Real recognizin' that you don't speak the lingo Clothes all new, not a wrinkle Givin' you the game, gettin' sprinkled Bottles on deck and my drink full I turn into a beast, I'm a dog, I'm a pitbull This life did it to me, I can't switch back If I take her then you'll never get your bitch back Yeah, the beat knockin', yeah, this shit clap Welcome to the west it's where people gettin' rich at, ayy I been in L.A. too long (G) How I see the same bitches everywhere I go? (It's Eazy, you know?) It don't really matter where they from (Yee, yee, yee) Actin' or a model, heard it all before (Ayy) Population four million, how I see the same bitches? (West side nigga) Population four million, how I see the same bitches? (Hol' up, let me talk my shit, hol' up) Yeah, yeah, yeah I been in L.A. too long Me and my bros hit the same hoes L.A., Hollywood, that's some Valley hoes Do I know how to fuck? They all know Yeah, yeah, fuck it, go down baby, you ratchet I'm with the program, baby (Yeah) Word in the streets, you with the whole town, baby I'm tryna do it for the brother like Motown, baby (For the record) She fucked the L.A. Laker for the record She fucked a Dodger baseball player for the record She fucked the head of my record label, ooh How you think she been so stable? Ah, damn, ah, damn, but she down to fuck Designer everything, Benz Truck Pullin' up with you friend, tell me who she is Oh, never mind, my friend fucked Population four million, how I see the same bitches? (How I see the same bitches?) Yeah, yeah, yeah (Haha, oh, never mind, my friend fucked) Population four million, how I see the same bitches? (How I see the same bitches?) Yeah, yeah, yeah (Haha, never mind, my friend fucked) Population four million, how I see the same bitches? (How I see the same bitches?) Yeah, yeah, yeah Population four million, how I see the same bitches? (How I see the same bitches?) Yeah, yeah, yeah"
"33","​beerbongs & bentleys"," jonestown "," It happens every time It sounds like suicide I'm hesitant, but I guess I'll drink the Kool-Aid once again It happens every time It sounds like suicide I'm hesitant, but I guess I'll drink the Kool-Aid once again It happens every time It sounds like suicide I'm hesitant, but I guess I'll drink the Kool-Aid once again It happens every time It sounds like suicide I'm hesitant, but I guess I'll drink the Kool-Aid once again It happens every time It sounds like suicide I'm hesitant, but I guess I'll drink the Kool-Aid once again It happens every time It sounds like suicide I'm hesitant, but I guess I'll drink the Kool-Aid once again It happens every time It sounds like suicide I'm hesitant, but I guess I'll drink the Kool-Aid once again"
"34","​beerbongs & bentleys"," 92 explorer "," Ooh-ooh, wow Ahh, yeah-yeah (Wow) Yeah-yeah, yeah-yeah, yeah-yeah We got London On Da Track Hunnid and twenty, come catch me Forties inside of my belly Shouldn't be drivin', I'm faded (Skrt, yeah, yeah) Rock that Nirvana, my favorite Damn, I forgot what her name is She in the front seat, head-bangin' (Yeah, yeah) Yeah, money counter sound somethin' like a chopper, chopper (Chopper, chopper) Speaker system bumpin', fuck your fuckin' block up (Fuck your block up) Used to mock him, now it's custom Bentley mock-ups (Mock-ups) Killer drop, a call from lockup If you buy that Echo, why you lyin'? You broke Got a nine in my tote, get you smoke like a stoge Keep on ridin' my coat, your new shit is a joke Why you bitin' my flows? What you tryna be, Post? Yeah Ooh, baby, ooh, baby, guap keep expandin' Ooh, yuck me up, I don't want no romancin' Ooh, baby, I see these muhfuckas' glancin' When my whip stop, then my wheels keep spinnin' (Skrt) Ooh, baby, ooh, baby, guap keep expandin' Ooh, yuck me up, I don't want no romancin' Ooh, baby, I see these muhfuckas' glancin' When my whip stop, then my wheels keep spinnin' (Ooh) She used to shoppin' at the mall (Ooh) I'll teach lil baby how to ball I hit Rodeo, spent like 40 G's (Wow) Four hunnid pairs of Gucci socks I lost all my friends, made a lot of foes Made a lot of M's, made a lot of O's Open up the safe (Ooh), I'm just with the bros Cop the 458, cost me 250 (Yeah) Man, look at all my ice (Ice) I hit your main thing twice (Your main thing twice) Take a word of advice (A word of advice) Break up with that ho (Ho) Ooh, baby, ooh, baby, guap keep expandin' Ooh, yuck me up, I don't want no romancin' (Ohh) Ooh, baby, I see these muhfuckas' glancin' (Ahh) When my whip stop, then my wheels keep spinnin' (Skrt) Ooh, baby, ooh, baby, guap keep expandin' (Skrt) Ooh, yuck me up, I don't want no romancin' (Skrt) Ooh, baby, I see these muhfuckas' glancin' When my whip stop, then my wheels keep spinnin' Cold wrist frozen Got sacks, Goldman Bought the bar, Roseanne No joke, deadpan Ooh, baby, ooh, baby, guap keep expandin' Ooh, yuck me up, I don't want no romancin' Ooh, baby, I see these muhfuckas glancin' When my whip stop, then my wheels keep spinnin' (Skrt, skrt) Ooh, baby, ooh, baby, guap keep expandin' (Skrt) Ooh, yuck me up, I don't want no romancin' (Skrt) Ooh, baby, I see these muhfuckas glancin' (Skrt) When my whip stop, then my wheels keep spinnin' Ooh (Ooo-ooo) Yeah, haha (Ooo-ooo) Ooh (Ooo-ooo) (Ooo-ooo) We got London On Da Track"
"35","​beerbongs & bentleys"," candy paint "," Yeah, yeah Mmm, ayy Candy paint with the white on top Lambo doors are the oo-op drop If you busy plottin' on what I got Kick in your door, I'll SWAT, you thot Hundred thousand dollars on the table top Half price my whip, same price my watch Got no jumper, but I ball a lot Bitch, I'm young Stoney, I do what I want Candy paint with the white on top (Skrrt) Lambo doors are the oo-op drop (Drop) If you busy plottin' on what I got Kick in your door, I'll SWAT, you thot (Pop) Hundred thousand dollars on the table top Half price my whip, same price my watch (Bling) Got no jumper, but I ball a lot (Swish) Bitch, I'm young Stoney, I do what I want Didn't know that was your girl when she gave me top (Yuh) Kicked her out the Rolls said, ""Thanks a lot"" Goddamn, I love paper like I'm Michael Scott (Yeah) I can do things that your man cannot (Yeah) Slide boy comin' down, damn, I'm hot (Hot) Everybody say that I gotta be stopped (Stopped) Even though my final form ain't unlocked (Locked) I'm so ahead of you muhfuckas' How you comprehend what you ain't understandin'? Count a hundred bands and I watch it vanish Diamonds going crazy like they on the dance floor Got a lot of ass, nothin' I can't handle Flavor lasts forever, you should try a sample (Goddamn) Baby, I'm the boss like I'm Tony Danza (Tony Danza) Everybody tryna tell me what I stand for But you don't fuckin' know me, homie, you don't want war (Ayy) Candy paint with the white on top Lambo doors are the oo-op drop If you busy plottin' on what I got Kick in your door, I'll SWAT, you thot Hundred thousand dollars on the table top Half price my whip, same price my watch Got no jumper, but I ball a lot Bitch, I'm young Stoney, I do what I want Candy paint with the white on top (Skrrt) Lambo doors are the oo-op drop (Drop) If you busy plottin' on what I got Kick in your door, I'll SWAT, you thot (Pop) Hundred thousand dollars on the table top Half price my whip, same price my watch (Bling) Got no jumper, but I ball a lot (Swish) Bitch, I'm young Stoney, I do what I want I've been rollin' twenty ash, hit the road (woo) Hit the switch up the suicide doors (damn) We already know you vanished though (ooh) Hit my momma when I ride in that, oh All these muhfuckas' so false with me (yah) If your money funny, don't talk to me (nah) I know there ain't shit that you could offer me (no) Take a second if you think about crossin' me Flavor lasts forever, you should try a sample (Goddamn) Baby, I'm the boss like I'm Tony Danza (Tony Danza) Everybody tryna tell me what I stand for But you don't fuckin' know me, homie, you don't want war (Ayy) Candy paint with the white on top Lambo doors are the oo-op drop If you busy plottin' on what I got Kick in your door, I'll SWAT, you thot Hundred thousand dollars on the table top Half price my whip, same price my watch Got no jumper, but I ball a lot Bitch, I'm young Stoney, I do what I want Candy paint with the white on top (Skrrt) Lambo doors are the oo-op drop (Drop) If you busy plottin' on what I got Kick in your door, I'll SWAT, you thot (Pop) Hundred thousand dollars on the table top Half price my whip, same price my watch (Bling) Got no jumper, but I ball a lot (Swish) Bitch, I'm young Stoney, I do what I want"
"36","​beerbongs & bentleys"," sugar wraith "," I started with an eighth, alright (alright) And then I went and changed my life (my life) I might take out the Wraith tonight (tonight) Put your arms around me, baby I just want to fly, make it last before we die And I know you want a ride What's on your mind? What's on your mind? And my '92 got doors like my Lambo Spend my last paycheck on some ammo We don't follow trends, rest in peace to Yamo Your new shit sucks, I feel like Anthony Fantano (ooh) Sayin' I was broke last year, I can't go back there Nicotine fiend, couldn't even buy a pack, yeah She don't know my music, told her I ain't mad, yeah Let her cut that coco on my platinum plaque, yeah (wow) Cut my fingers on my bands, oh yeah Cut my locker with some Xan, oh yeah Count me my guala in advance, oh yeah Backstreet diamonds, watch them dance on ya, yeah I started with an eighth, alright (alright) And then I went and changed my life (my life) I might take out the Wraith tonight (tonight) Put your arms around me, baby I just want to fly, make it last before we die And I know you want a ride What's on your mind? What's on your mind? She don't want to spend all my dough She gets paid to be a model (model, model) I take the lead, they just follow Face it, you don't know what I know Pull up, I got some' for ya Somethin' in my trunk for ya But I got a good lawyer They always try to come for ya I'ma pull up in that Bentley with the fuckin' windows tinted (ooh) Dependin' how I'm feelin', take a drop of the extended (skrr) Think I'm showin' signs of slowin', homie, just forget it I guess this what happens when you fuckin' handle business, yeah I started with an eighth, alright (alright) And then I went and changed my life (my life) I might take out the Wraith tonight (tonight) Put your arms around me, baby I just want to fly, make it last before we die And I know you want a ride What's on your mind? What's on your mind? I was broke last year, I can't go back there I was broke last year, I can't go back there Gasoline and I went and lit a match, yeah Try to take the swagger, I know it for a fact, yeah I'ma pull up in that Bentley with the fuckin' windows tinted (skrr) Dependin' how I'm feelin', take a drop of the extended (skrr) Think I'm showin' signs of slowin', homie, just forget it I guess this what happens when you fuckin' handle business, yeah I started with an eighth, alright (alright) And then I went and changed my life (my life) I might take out the Wraith tonight (tonight) Put your arms around me, baby I just want to fly, make it last before we die And I know you want a ride What's on your mind? What's on your mind?"
